term,estimate,std.error,statistic,p.value,conf.low,conf.high,exposure,outcome
eczema_pre16_union,1.2491306478170232,0.04436112972855197,5.01447616346509,5.330889418732837e-7,1.1451093040376912,1.3626012554557134,eczema_pre16_union,phq9
eczema_pre16_union,1.1583036853418767,0.04094164817554883,3.589415697254116,3.316472372992041e-4,1.068986545037652,1.255083549652458,eczema_pre16_union,gad7
